id,title,artist,active,comment,tabs,lyrics,chords,capo,bypassRequestLimits,minAmount,attributes
5056470,Розыгрыш за лайки,###,false,,,,,,false,0,
4230244,Босая,2Маши,false,,,,,,false,0,ПОП
4183573,"Мама, я танцую",2Маши,true,,,,,,false,0,"ПОП,Потанцевать"
4192378,Молодые ветра,7Б,true,,,,,,false,0,РОК
4212509,Happy New Year,ABBA,false,,,,,,false,0,"На других языках,Новогодние,Английские"
4212547,Skyfall,Adele,true,,,,,,false,0,"A cappella,На других языках,Английские"
4452240,"Hafanana ",Afric Simone,true,,,,,,false,0,"Потанцевать,На других языках,Английские"
4350714,My Mother Told Me,Alina Gingertail,true,,,,,,false,0,"На других языках,Английские"
4493129,Moi Lolita,Alizée,true,,,,,,false,0,"Лирические,На других языках,Французские"
4757176,Любовь,Animal ДжаZ,true,,,,,,false,0,Лирические
5064603,Царица (рок версия),"ANNA ASTI ",true,,,,,,false,0,РОК
4392879,Можно я с тобой?,AP$ENT,true,,,,,,false,0,ПОП
4300724,Crazy Frog,Axel F,false,,,,,,false,0,"Потанцевать,На других языках,Английские"
4212510,Jingle Bell Rock,Bobby Helms,false,,,,,,false,0,"Потанцевать,На других языках,Новогодние,Английские"
4742546,Steel rain,Chris Cornell,false,,,,,,false,0,"РОК,На других языках,Английские"
4176318,Мальчик на девятке,DEAD BLONDE,false,,,,,,false,0,"ПОП,Потанцевать"
5306789,Voyage Voyage,Desireless,true,,,,,,false,0,"Ретро,ПОП,Французские,На других языках"
4175036,"Life is good (Ай, дириги, диги дай)",DJ SLON & KATYA,true,,,,,,false,0,Потанцевать
4175037,Bella ciao,El Professor,true,,,,,,false,0,"Из кинофильмов,Потанцевать,Народные,Итальянские,На других языках"
5047123,Тёплые коты,Flëur,true,,,,,,false,0,Лирические
4175038,Федерико Феллини,Galibri & Mavik,false,,,,,,false,0,Потанцевать
4300720,Седьмой лепесток,Hi-Fi (аранж. Антон Токарев),true,,,,,,false,0,"Ретро,РОК"
4179595,Песня простая,IOWA,true,,,,,,false,0,"Потанцевать,ПОП"
4175044,Улыбайся,IOWA,true,,,,,,false,0,"Потанцевать,ПОП"
4493130,Дарите женщинам цветы,Jazzdauren,true,,,,,,false,0,ПОП
5344772,Price Tag,Jessie J ft. B.o.B,true,,,,,,false,0,"На других языках,Английские,Потанцевать"
5356494,Lambada (на русском),Kaoma,true,,,,,,false,0,
4176315,Je t'aime,Lara Fabian,true,,,,,,false,0,"ПОП,Лирические,Французские,На других языках"
4175045,Твои глаза,LOBODA,true,,,,,,false,0,ПОП
4808655,Мама,Louna,false,,,,,,false,0,РОК
5189710,Уголёк,Lx24,true,,,,,,false,0,ПОП
5344754,Russian Woman,Manizha,true,,,,,,false,0,
4548550,"Не влюбляйся ",Mary Gu,true,,,,,,false,0,ПОП
4707043,Медляк,Mr. Credo,true,,,,,,false,0,"Ретро,ПОП"
5042020,California,Mylène Farmer,true,,,,,,false,0,"ПОП,Лирические,На других языках,Французские"
5056384,Innamoramento,Mylène Farmer,true,,,,,,false,0,"ПОП,Лирические,На других языках,Французские"
4987278,XXL,Mylène Farmer,true,,,,,,false,0,"ПОП,На других языках,Французские"
5111892,Oui Mais Non,"Mylène Farmer ",true,,,,,,false,0,"ПОП,На других языках,Французские"
4175047,Дыхание,Nautilus Pompilius,true,,,,,,false,0,РОК
4175046,Крылья,Nautilus Pompilius,true,,,,,,false,0,РОК
5344752,Одинокая птица,Nautilus Pompilius,true,,,,,,false,0,"РОК,Лирические"
4192379,Прогулки по воде,Nautilus Pompilius,true,,,,,,false,0,РОК
4324094,Cind rasare luna,Nicolae Sulac,true,,,,<br />,,false,0,"На других языках,Молдавские"
4706147,Кометы,Polnalyubvi,true,,,,,,false,0,
4221961,Фантастический вальс,Princesse Angine,true,,,,,,false,0,Лирические
4305514,The Show Must Go On,"Queen ",true,,,,,,false,0,"На других языках,Английские,РОК"
4230247,Hit the Road Jack,"Ray Charles ",true,,,,,,false,0,"Потанцевать,Английские,На других языках"
4316384,Still loving you,Scorpions,true,,,,,,false,0,"Лирические,На других языках,Английские,РОК"
4175027,Мама Люба,SEREBRO,true,,,,,,false,0,"ПОП,Потанцевать"
4324095,Mandra Mea Din Timisoara,Sergiu Cabatut,true,,,,,,false,0,"На других языках,Молдавские"
5111894,Close to You,"The Carpenters ",true,,,,,,false,0,"ПОП,Лирические,Из кинофильмов,На других языках,Английские"
4316385,"Zombie ","The Cranberries ",true,,,,,,false,0,"На других языках,Английские,РОК"
4176316,Я делаю шаг,The Hatters,false,,,,,,false,0,Потанцевать
4175048,Заметался пожар голубой (на стихи Есенина),The Retuses,false,,,,,,false,0,Лирические
5460824,Espresso Macchiato,Tommy Cash,true,,,,,,false,0,Потанцевать
4707042,Миру не нужны хорошие,Vanilla Bun,true,,,,,,false,0,РОК
5067109,Рядом с тобой,"Vanilla Bun ",true,,,,,,false,0,РОК
4175049,Пьяные души,VERA,true,,,,,,false,0,РОК
5474715,Je veux,Zaz,true,,,,,,false,0,"Французские,На других языках"
4175051,Видели ночь,Zdob și Zdub,true,,,,,,false,0,Потанцевать
4175053,Credo,"Zivert ",true,,,,,,false,0,"Потанцевать,ПОП"
4175052,Зелёные волны,"Zivert ",true,,,,,,false,0,"Потанцевать,ПОП"
4175054,Чорне і біле,ZOZULYA,false,,,,,,false,0,"Лирические,На других языках,Украинские"
4249056,Как на войне,Агата Кристи,true,,,,,,false,0,РОК
5430030,Ковёр-вертолёт,Агата Кристи,true,,,,,,false,0,"Ретро,РОК"
4174914,Лесной олень,Аида Ведищева,true,,,,,,false,0,"Ретро,Из кинофильмов"
4329850,Чёрные глаза,Айдамир Мугу,true,,,,,,false,0,Потанцевать
4175012,Не исчезай огонь,Александр Панайотов и Оксана Казакова,true,,,,,,false,0,"Лирические,Из кинофильмов"
4175025,Котик,Александр Рыбак,true,,,,,,false,0,ПОП
4176319,Сумасшедшая,Алексей Воробьёв,false,,,,,,false,0,ПОП
4200024,Добрый Новый год,Алексей Ольханский,false,,,,,,false,0,Новогодние
4175011,Теплоходы,Алексей Ольханский,false,,,,,,false,0,
4307018,"А мы не ангелы, парень",Алексей Пономарёв,true,,,,,,false,0,РОК
4285655,Небо славян,Алиса,false,,,,,,false,0,РОК
4185064,Арлекино,Алла Пугачёва,true,,,,,,false,0,"Ретро,ПОП"
4176320,Волшебник-недоучка,Алла Пугачёва,false,,,,,,false,0,"Ретро,ПОП,Из кинофильмов"
4185088,Миллион алых роз,Алла Пугачёва,false,,,,,,false,0,"Ретро,ПОП"
4975701,Опять метель,Алла Пугачёва и Кристина Орбакайте,true,,,,,,false,0,"Из кинофильмов,Новогодние"
4175017,Громоотводы,Алла Пугачёва и Максим Галкин,true,,,,,,false,0,ПОП
4975698,Зимний сон,Алсу,true,,,,,,false,0,"ПОП,Новогодние"
4828267,Лететь,Амега,true,,,,,,false,0,ПОП
4192373,Зима-холода,Андрей Губин,false,,,,,,false,0,"ПОП,Новогодние"
4255548,Катя-Катерина,Андрей Державин,false,,,,,,false,0,ПОП
4249058,Городок,Анжелика Варум,true,,,,,,false,0,"Ретро,ПОП,A cappella,Лирические"
4221955,Солнце,Ани Лорак,true,,,,,,false,0,"ПОП,Лирические"
4174919,Надежда,Анна Герман,true,,,,,,false,0,"Ретро,Лирические"
4174920,Эхо любви,Анна Герман,true,,,,,,false,0,"Ретро,Лирические,Из кинофильмов"
4206890,Мой маленький оркестр,Анна Кошмал,true,,,,,,false,0,Из кинофильмов
4213433,Эти сны,Анна Кошмал,true,,,,,,false,0,"Лирические,Из кинофильмов"
4190557,Русская кадриль,"ансамбль ""Чибатуха""",false,,,,,,false,0,"Потанцевать,Народные"
4190550,Беспечный ангел,Ария,true,,,,,,false,0,РОК
5123606,"Точка невозврата ",Ария,true,,,,,,false,0,РОК
4212546,Штиль,Ария,true,,,,,,false,0,РОК
4208680,Новогодние игрушки,Аркадий Хоралов,false,,,,,,false,0,Новогодние
4190546,Зацепила,Артур Пирожков,true,,,,,,false,0,ПОП
4932549,911,Асия,true,,,,,,false,0,ПОП
4501464,Алоэ,Асия,true,,,,,,false,0,ПОП
5356483,Ну чё ты такой хороший?,Асия,true,,,,,,false,0,ПОП
4305516,Песенка Чебурашки,"аудиоспектакль ""Чебурашка""",true,,,,,,false,0,Из мультфильмов
4208683,Это Новый год,Барбарики,false,,,,,,false,0,Новогодние
4255544,Сансара,Баста,true,,,,,,false,0,Лирические
4305512,"Её глаза ",Би-2,true,,,,,,false,0,"РОК,Лирические"
5056385,Мой рок-н-ролл,Би-2,true,,,,,,false,0,"РОК,Лирические"
4179589,Молитва,Би-2,true,,,,,,false,0,"Колыбельные,Из кинофильмов,РОК"
4393333,Полковнику никто не пишет,Би-2,false,,,,,,false,0,"РОК,Из кинофильмов"
4392898,Я никому не верю,"Би-2 ",true,,,,,,false,0,"РОК,Лирические"
4176312,Восточные сказки,Блестящие,true,,,,,,false,0,ПОП
4208684,Новогодняя песня,Блестящие,false,,,,,,false,0,"ПОП,Новогодние"
4174900,Гранитный камушек,Божья коровка,true,,,,,,false,0,
5344760,Кухни,Бонд с кнопкой,true,,,,,,false,0,Лирические
4987279,Ветер знает,Браво,true,,,,,,false,0,"Ретро,ПОП"
4192377,Дорога в облака,Браво,true,,,,,,false,0,"Ретро,ПОП"
4174903,Этот город,Браво,true,,,,,,false,0,"Ретро,ПОП"
4941549,"Кустурица ",Братья Грим,true,,,,,,false,0,
4230246,Ресницы,Братья Грим,true,,,,,,false,0,Лирические
4174908,Кеды,Бьянка,true,,,,,,false,0,"ПОП,Лирические"
4174909,Травой,Бьянка,true,,,,,,false,0,ПОП
4200018,А напоследок я скажу…,Валентина Пономарёва,true,,,,,,false,0,"Ретро,Лирические,Из кинофильмов"
4175032,Наше лето,Валентин Стрыкало,true,,,,,,false,0,
4174970,Актриса,"Валерий Меладзе ",true,,,,,,false,0,ПОП
4584848,Вера,"Валерий Меладзе ",true,,,,,,false,0,ПОП
4174969,Красиво,"Валерий Меладзе ",true,,,,,,false,0,ПОП
4266816,Красавчик,Валерий Сюткин,false,,,,,,false,0,"Ретро,ПОП"
4757177,Семь тысяч над землёй,Валерий Сюткин,true,,,,,,false,0,"Ретро,ПОП"
4266814,Вася,Валерий Сюткин / Браво,true,,,,,,false,0,"Ретро,ПОП"
4939052,"Я то, что надо",Валерий Сюткин / Браво,true,,,,,,false,0,"Ретро,Лирические"
4174905,Близкие люди,Вера Брежнева,true,,,,,,false,0,ПОП
4208686,Новогодняя,Верка Сердючка,false,,,,,,false,0,"ПОП,Потанцевать,Новогодние"
4300721,Я не поняла,Верка Сердючка и ВИА Гра,true,,,,,,false,0,"ПОП,Потанцевать"
5120516,В последний раз,ВИА Весёлые ребята,true,,,,,,false,0,"Ретро,ПОП,Лирические"
4185087,Люди встречаются,ВИА Весёлые ребята,true,,,,,,false,0,"Ретро,ПОП,Потанцевать"
4300719,Попытка № 5,ВИА Гра,true,,,,,,false,0,ПОП
5156427,Сумасшедший,ВИА Гра,true,,,,,,false,0,"ПОП,Потанцевать"
4179590,Синий иней,"ВИА Здравствуй, песня",true,,,,,,false,0,"Ретро,ПОП,Потанцевать"
4179592,"Всё, что есть у меня",ВИА Самоцветы,true,,,,,,false,0,"Ретро,ПОП"
4175028,Клён,ВИА Синяя птица,true,,,,,,false,0,"Ретро,ПОП,Лирические"
4175031,Три желания,Вика Старикова,true,,,,,,false,0,
4378462,Вороны,Виктория Черенцова,true,,,,,,false,0,РОК
5460823,Тысячи дорог,Виктория Черенцова,true,,,,,,false,0,Лирические
4297288,Я слышу джаз,Владимир Буяков,true,,,,,,false,0,
5460830,Музыкант,Воскресение,true,,,,,,false,0,Лирические
5130336,Не торопясь,Воскресение,true,,,,,,false,0,
4378461,Девушка по городу,Вячеслав Бутусов,true,,,,,,false,0,РОК
5156428,Ландыши,Гелена Великанова,true,,,,,,false,0,Ретро
4200019,Вне зоны доступа,Город 312,true,,,,,,false,0,Из кинофильмов
4200020,Останусь,Город 312,true,,,,,,false,0,"РОК,Лирические"
4176314,Режиссёр,Градусы,true,,,,,,false,0,Лирические
4332027,"Люби меня, люби",Гречка,true,,,,,,false,0,РОК
4190547,Я тебя не люблю,Григорий Лепс,true,,,,,,false,0,
4190548,Я поднимаю руки,"Григорий Лепс ",true,,,,,,false,0,
4329851,Зеркала,Григорий Лепс и Ани Лорак,true,,,,,,false,0,
4174962,Орлы или вороны,Григорий Лепс и Максим Фадеев,true,,,,,,false,0,РОК
4174925,Осень,ДДТ,true,,,,,,false,0,РОК
4285656,Просвистела,ДДТ,false,,,,,,false,0,РОК
4203645,В лесу родилась ёлочка,Детские песни,false,,,,,,false,0,Новогодние
4208693,Зимняя сказка,Детские песни,false,"Ирина Богушевская, Андрей Усачев, Александр Пинегин",,,,,false,0,"Колыбельные,Новогодние"
4203648,Маленькой ёлочке холодно зимой,Детские песни,false,,,,,,false,0,Новогодние
4208687,Новый год у ворот,Детские песни,false,,,,,,false,0,Новогодние
4190543,Спят усталые игрушки,Детские песни,false,,,,,,false,0,"Колыбельные,Из мультфильмов"
4208689,Новогодняя,"Детский хор ""Великан"" и Иванушки Int.",false,,,,,,false,0,Новогодние
4208692,Новогодняя,Дискотека Авария,false,,,,,,false,0,"ПОП,Потанцевать,Новогодние"
4501689,Лебединая верность,Евгений Мартынов,false,,,,,,false,0,"Лирические,A cappella"
4192374,Плачет девушка в автомате,Евгений Осин,false,,,,,,false,0,ПОП
4174911,Желаю,Елена Ваенга,true,,,,,,false,0,
4174910,Курю,Елена Ваенга,true,,,,,,false,0,
4174912,Шопен,Елена Ваенга,true,,,,,,false,0,Лирические
4174906,Что мы наделали,Елена Ваенга и Михаил Бублик,true,,,,,,false,0,
4761429,"Маленький принц ","Елена Камбурова ",true,,,,,,false,0,"Ретро,Лирические,Из кинофильмов"
4174938,Все женщины любят мужчин,Елена Кукарская,true,,,,,,false,0,"ПОП,Потанцевать"
4174940,Давай-давай,Елена Кукарская,true,,,,,,false,0,"ПОП,Потанцевать"
4174941,По маленькой,Елена Кукарская,true,,,,,,false,0,"ПОП,Потанцевать"
4174929,На большом воздушном шаре,Ёлка,true,,,,,,false,0,ПОП
4174930,На малютке планете,Ёлка,true,,,,,,false,0,ПОП
4890653,Не брошу на полпути,Ёлка,true,,,,,,false,0,"ПОП,Лирические"
4200021,Около тебя,Ёлка,true,,,,,,false,0,"ПОП,Лирические"
4174931,Прованс,Ёлка,true,,,,,,false,0,ПОП
4828266,Скучаю,Ёлка,true,,,,,,false,0,"ПОП,Лирические"
4208697,А снег идёт,Жанна Агузарова,true,,,,,,false,0,"Ретро,Из кинофильмов,Новогодние"
5433151,Жёлтые ботинки,Жанна Агузарова / Браво,true,,,,,,false,0,"Ретро,Потанцевать"
4209286,Старый отель,Жанна Агузарова / Браво,true,,,,,,false,0,"Ретро,ПОП,Лирические"
4174895,Чёрный кот,Жанна Агузарова / Браво,true,,,,,,false,0,"Ретро,ПОП"
4174965,Колыбельная тишины,Женя Любич,true,,,,,,false,0,"Из кинофильмов,Лирические,Колыбельные"
4174932,Батарейка (рок версия),Жуки,true,,,,,,false,0,РОК
4174933,Мир вашему дому,Зара,true,,,,,,false,0,ПОП
4484041,Это просто война,Зара,false,,,,,,false,0,
4332028,Говори,Звери,true,,,,,,false,0,Лирические
4300723,До скорой встречи,Звери,true,,,,,,false,0,
4174935,Районы-кварталы,Звери,true,,,,,,false,0,РОК
4174958,Трава у дома (рок версия),Земляне,true,,,,,,false,0,"Ретро,РОК,Из кинофильмов"
4230245,Жить в твоей голове,Земфира,true,,,,,,false,0,Лирические
4896107,Искала,Земфира,true,,,,,,false,0,РОК
4200022,Небо Лондона,Земфира,true,,,,,,false,0,"РОК,Лирические"
4221956,"ПММЛ (Прости меня, моя любовь)",Земфира,true,,,,,,false,0,Лирические
4174936,Хочешь?,Земфира,true,,,,,,false,0,РОК
4932551,Амулет,Зоя Ященко и Белая Гвардия,true,,,,,,false,0,Лирические
4584846,Питер,Зоя Ященко и Белая Гвардия,true,,,,,,false,0,Лирические
4192371,Тополиный пух,Иванушки Int.,true,,,,,,false,0,ПОП
4174943,Город которого нет,Игорь Корнелюк,true,,,,,,false,0,"Лирические,Из кинофильмов"
4263854,Nea Costică,Игорь Кучук,true,,,,,,false,0,"На других языках,Молдавские"
4175029,Комарово,Игорь Скляр,true,,,,,,false,0,"Ретро,ПОП"
4263841,"Eu numai, numai ",Ионел Истрати,true,,,,,,false,0,"На других языках,Молдавские"
4471850,Бабы-стервы,Ирина Аллегрова,true,,,,,,false,0,ПОП
4174897,Младший лейтенант,Ирина Аллегрова,true,,,,,,false,0,ПОП
4174968,С днём рождения,Ирина Аллегрова,true,,,,,,false,0,ПОП
5089497,Угонщица,Ирина Аллегрова,true,,,,,,false,0,ПОП
4174945,Букет из белых роз,Ирина Круг и Виктор Королёв,true,,,,,,false,0,
4452244,"Позвони мне, позвони","Ирина Муравьёва ",true,,,,,,false,0,Из кинофильмов
4249054,Улетай на крыльях ветра,Калевала,false,,,,,,false,0,РОК
4175014,Если бы не ты,Катя Бужинская и Сергей Пискун,false,,,,,,false,0,"ПОП,Потанцевать"
4307017,Группа крови,КИНО,true,,,,,,false,0,РОК
4249059,Перемен,КИНО,true,,,,,,false,0,"Из кинофильмов,РОК"
4174937,Я свободен,Кипелов,true,,,,,,false,0,РОК
5195081,Синий платочек,Клавдия Шульженко,false,,,,,,false,0,
5298037,Ведьма и осёл,Король и Шут,true,,,,,,false,0,РОК
4266796,Девушка и Граф,Король и Шут,true,,,,,,false,0,"РОК,Лирические"
4174946,Дурак и молния,Король и Шут,true,,,,,,false,0,РОК
4174948,Кукла колдуна,Король и Шут,true,,,,,,false,0,РОК
4174949,Лесник,Король и Шут,true,,,,,,false,0,РОК
4212543,Прыгну со скалы,Король и Шут,true,,,,,,false,0,РОК
4212544,Танец злобного гения,Король и Шут,true,,,,,,false,0,РОК
4300722,Губки бантиком,Кристина Орбакайте,true,,,,,,false,0,ПОП
4174952,Остров невезения,"к/ф ""Бриллиантовая рука""",true,,,,,,false,0,"Ретро,Из кинофильмов"
4174959,Прекрасное далёко,"к/ф ""Гостья из будущего""",true,,,,,,false,0,"Ретро,Лирические,Из кинофильмов"
4174953,Проснись и пой,"к/ф ""Джентльмены удачи""",true,,,,,,false,0,Из кинофильмов
4185086,Звенит январская вьюга,"к/ф ""Иван Васильевич меняет профессию""",true,,,,,,false,0,"Ретро,Новогодние,Из кинофильмов"
4214701,Разговор со счастьем,"к/ф ""Иван Васильевич меняет профессию""",false,,,,,,false,0,Из кинофильмов
4174954,Песенка о медведях,"к/ф ""Кавказская пленница""",true,,,,,,false,0,"Ретро,Потанцевать,Из кинофильмов"
4174956,Ветер перемен,"к/ф ""Мэри Поппинс, до свидания""",true,,,,,,false,0,"Ретро,Лирические,Из кинофильмов"
4329847,Леди Совершенство,"к/ф ""Мэри Поппинс, до свидания""",true,,,,,,false,0,"Ретро,Потанцевать,Из кинофильмов"
4174955,Дорогою добра,"к/ф ""Приключения маленького Мука""",true,,,,,,false,0,"Ретро,Лирические,Из кинофильмов"
4174957,Крылатые качели,"к/ф ""Приключения электроника"" ",true,,,,,,false,0,"Ретро,Из кинофильмов"
4255542,Песня Красной Шапочки,"к/ф ""Про Красную Шапочку""",false,,,,,,false,0,Из кинофильмов
4212541,Jimmy Jimmy Jimmy Aaja,"к/ф ""Танцор диско""",true,,,,,,false,0,"Потанцевать,На других языках,Из кинофильмов"
4176317,Снежинка,"к/ф ""Чародеи""",false,,,,,,false,0,"Новогодние,Из кинофильмов"
4179591,Три белых коня,"к/ф ""Чародеи""",true,,,,,,false,0,"Ретро,Потанцевать,Из кинофильмов,Новогодние"
4484037,Огонёк,Лариса Голубкина,false,,,,,,false,0,Лирические
4174927,Погода в доме,Лариса Долина,true,,,,,,false,0,ПОП
5130337,Притяжение земли,Лев Лещенко,true,,,,,,false,0,
4187812,WWW,Ленинград,true,,,,,,false,0,"Потанцевать,РОК"
4174960,Экспонат (На лабутенах),Ленинград,true,,,,,,false,0,Потанцевать
4484043,В землянке,Леонид Утёсов,false,,,,,,false,0,Лирические
4174961,"Хали-гали, паратруппер",Леприконсы,true,,,,,,false,0,"ПОП,Потанцевать"
4174963,La nunta asta,Лія Табурчан,true,,,,,,false,0,"На других языках,Молдавские"
4174971,На Титанике,Лолита Милявская,true,,,,,,false,0,ПОП
5189712,Пропадаю я,Любовь Успенская,true,,,,,,false,0,Ретро
4862359,А река течёт,Любэ,true,,,,,,false,0,"ПОП,Лирические"
4174966,Конь,Любэ,true,,,,,,false,0,"ПОП,Лирические"
4706148,"Ты неси меня, река (Краса)",Любэ,true,,,,,,false,0,"ПОП,Из кинофильмов,Лирические"
4179594,Песня Золушки,Людмила Сенчина,false,,,,,,false,0,Из мультфильмов
4518643,Ау,Ляпис Трубецкой,true,,,,,,false,0,
4837546,Нежность,Майя Кристалинская,true,,,,,,false,0,"Ретро,Лирические"
5460821,Знаешь ли ты,МакSим,true,,,,,,false,0,"ПОП,Лирические"
5127336,Ангелы,Максим Фадеев,true,,,,,,false,0,Лирические
5389104,Скажите детям,Максим Фадеев и Маша Гулевич,true,,,,,,false,0,Лирические
4174923,В горнице моей светло,Марина Девятова,true,,,,,,false,0,"Народные,Лирические"
4987336,"Ой, снег-снежок",Марина Девятова,true,,,,,,false,0,"Новогодние,Народные"
5123607,"Шагает парень (Качает, качает, качает)",Мария Пахоменко,true,,,,,,false,0,Из кинофильмов
4200023,Нитью,Мария Чайковская,true,,,,,,false,0,Лирические
4389000,Целуй меня,"Мария Чайковская ",true,,,,,,false,0,Лирические
4174899,Журавли,Марк Бернес,true,,,,,,false,0,Лирические
4484039,Тёмная ночь,Марк Бернес,false,,,,,,false,0,Лирические
4174967,С днём рождения,Марта,true,,,,,,false,0,ПОП
4192372,Земля,Маша и Медведи,true,,,,,,false,0,"Из кинофильмов,РОК"
4221957,Любочка,Маша и Медведи,true,,,,,,false,0,
4388999,На моей луне,Мёртвые дельфины,true,,,,,,false,0,РОК
4174972,Музыка нас связала,Мираж,false,,,,,,false,0,"ПОП,Потанцевать"
4174902,Ланфрен-ланфра,Михаил Боярский,true,,,,,,false,0,"Лирические,Из кинофильмов"
4326368,Сам тебя выдумал,Михаил Бублик,true,,,,,,false,0,"Лирические,A cappella"
5440269,Фраер,Михаил Круг,true,,,,,,false,0,
4174951,Приходите в мой дом,Михаил Круг и Вика Цыганова,false,,,,,,false,0,Лирические
4255540,Звуки пианино,МОТ,true,,,,,,false,0,"ПОП,Лирические"
4764896,"Нулевой километр ",Мураками,true,,,,,,false,0,РОК
5298038,"Я это ты, ты это я",Мурат Насыров,true,,,,,,false,0,
4329849,За тебя калым отдам,Мурат Тхагалегов,true,,,,,,false,0,"ПОП,Потанцевать"
4176313,Королева красоты,Муслим Магомаев,true,,,,,,false,0,Ретро
4185091,Синяя вечность,Муслим Магомаев,true,,,,,,false,0,"Ретро,Лирические"
4975700,Однажды в декабре (Вальс),"м/ф ""Анастасия""",true,,,,,,false,0,"Лирические,На других языках,Английские,Новогодние,Из мультфильмов"
4174976,"Говорят, мы бяки-буки","м/ф ""Бременские музыканты""",true,,,,,,false,0,"Потанцевать,Из мультфильмов"
4203649,Дуэт Короля и Принцессы,"м/ф ""Бременские музыканты""",true,,,,,,false,0,Из мультфильмов
4174979,Ничего на свете лучше нету,"м/ф ""Бременские музыканты""",true,,,,,,false,0,Из мультфильмов
4203643,"Оставайся, мальчик, с нами","м/ф ""В синем море, в белой пене…""",true,,,,,,false,0,"Ретро,Потанцевать,Из мультфильмов"
4208694,Песня Деда Мороза,"м/ф ""Дед Мороз и лето""",false,,,,,,false,0,"Новогодние,Из мультфильмов"
4174980,Кабы не было зимы,"м/ф ""Каникулы в Простоквашино""",false,,,,,,false,0,"Из мультфильмов,Новогодние"
4203644,Чунга-чанга (ремикс),"м/ф ""Катерок""",true,,,,,,false,0,"Потанцевать,Из мультфильмов"
4174981,От улыбки,"м/ф ""Крошка Енот""",true,,,,,,false,0,Из мультфильмов
4203637,Частушки Бабок-Ёжек,"м/ф ""Летучий корабль""",false,,,,,,false,0,"Потанцевать,Из мультфильмов"
4174982,Песня мамонтёнка,"м/ф ""Мама для мамонтёнка""",true,,,,,,false,0,"Ретро,Из мультфильмов"
4174983,Песня про варенье,"м/ф ""Маша и медведь""",false,,,,,,false,0,Из мультфильмов
4174997,"Расскажи, Снегурочка, где была?","м/ф ""Ну, погоди""",false,,,,,,false,0,"Потанцевать,Из мультфильмов,Новогодние"
4174984,По полям…,"м/ф ""Синий трактор""",false,,,,,,false,0,Из мультфильмов
4174995,Новогодняя колыбельная,"м/ф ""Смешарики""",false,,,,,,false,0,"Из мультфильмов,Новогодние"
4203646,От винта,"м/ф ""Смешарики""",true,,,,,,false,0,"Потанцевать,Из мультфильмов"
4203647,Облака,"м/ф ""Трям! Здравствуйте!""",true,,,,,,false,0,Из мультфильмов
4174998,Колыбельная медведицы,"м/ф ""Умка""",true,,,,,,false,0,"Ретро,Новогодние,Из мультфильмов"
4174999,А кто такие Фиксики? (заставка),"м/ф ""Фиксики""",false,,,,,,false,0,Из мультфильмов
4203639,Отпусти и забудь,"м/ф ""Холодное сердце""",false,,,,,,false,0,"Лирические,Из мультфильмов"
4175005,Песенка Крокодила Гены,"м/ф ""Чебурашка""",true,,,,,,false,0,"Ретро,Из мультфильмов"
4175004,Голубой вагон,"м/ф ""Шапокляк""",true,,,,,,false,0,"Ретро,Из мультфильмов"
4174922,Новый год,Надежда Гуськова,false,,,,,,false,0,Новогодние
4190551,Виновата ли я…,Надежда Кадышева,true,,,,,,false,0,"Потанцевать,Народные"
4190563,Миленький ты мой,Надежда Кадышева,true,,,,,,false,0,Народные
5321028,Напилася я пьяна,Надежда Кадышева,true,,,,,,false,0,Народные
5156542,Широка река,Надежда Кадышева,true,,,,,,false,0,Народные
4175006,Нас бьют – мы летаем,Наргиз,true,,,,,,false,0,РОК
4255546,Ты – моя нежность,Наргиз,false,,,,,,false,0,"РОК,Лирические"
4175007,Вдвоём,Наргиз и Максим Фадеев,true,,,,,,false,0,"РОК,Лирические"
4175026,Сигаретка,Настасья Самбурская,true,,,,,,false,0,
4285657,Чёрная моль,Настасья Самбурская,true,,,,,,false,0,
4179597,Ветер с моря дул,Натали,true,,,,,,false,0,"Потанцевать,ПОП"
4174944,Маленькая страна,Наташа Королёва,true,,,,,,false,0,ПОП
4190549,Кофе - мой друг,Нервы,true,,,,,,false,0,РОК
4174921,Птица счастья,Николай Гнатюк,true,,,,,,false,0,"Ретро,Потанцевать"
4221958,Это здорово,Николай Носков,true,,,,,,false,0,Лирические
4175035,Смуглянка,Николай Устинов,true,,,,,,false,0,Из кинофильмов
4584847,Дым сигарет с ментолом,Нэнси,true,,,,,,false,0,"Ретро,ПОП"
4962872,Чистый лист (Девушка мечты),Нэнси,true,,,,,,false,0,"Ретро,ПОП"
4175009,Foaie Verde Brebenoc,"Нэтэлица Олару ",true,,,,,,false,0,"На других языках,Молдавские"
4175010,Обійми,Океан Ельзи,true,,,,,,false,0,"Лирические,На других языках,Украинские"
4192375,Морячка,Олег Газманов,false,,,,,,false,0,ПОП
5018287,Изгиб гитары жёлтой,Олег Митяев,true,,,,,,false,0,"Ретро,Лирические"
4174907,Нам будет жарко,Ольга Бузова и Настя Кудри,false,,,,,,false,0,ПОП
4174934,На теплоходе музыка играет,Ольга Зарубина,true,,,,,,false,0,Потанцевать
4548549,Близнецы,Отмель,false,,,,,,false,0,РОК
4300866,Девушки бывают разные,Отпетые мошенники,false,,,,,,false,0,"Потанцевать,ПОП"
4175013,Happy end,Пара нормальных,true,,,,,,false,0,"ПОП,Лирические"
4174916,Колыбельная,Полина Гагарина,true,,,,,,false,0,"ПОП,Лирические,Колыбельные"
4174917,Кукушка,Полина Гагарина,true,,,,,,false,0,Лирические
4257222,Миллион голосов,"Полина Гагарина ",true,,,,,,false,0,Лирические
4828265,Доброе сердце,Порнофильмы,true,,,,,,false,0,РОК
4175016,Я так соскучился,Порнофильмы,true,,,,,,false,0,РОК
4190544,Прости. Прощай. Привет,"Порнофильмы ",true,,,,,,false,0,РОК
5089498,Чумачечая весна,Потап и Настя,false,,,,,,false,0,"ПОП,Потанцевать"
4307016,Так хочется жить,Рождество,true,,,,,,false,0,"РОК,Лирические"
4175022,18 мне уже,Руки Вверх!,true,,,,,,false,0,"Ретро,Потанцевать,ПОП"
4329845,Ай-яй-яй,Руки Вверх!,true,,,,,,false,0,"Ретро,Потанцевать,ПОП"
4190545,Он тебя целует,Руки Вверх!,true,,,,,,false,0,"Ретро,Потанцевать,ПОП"
4175023,Валенки,Русская народная песня,true,,,,,,false,0,Народные
4190558,Вдоль по Питерской,Русская народная песня,false,,,,,,false,0,Народные
5321024,Во поле берёза стояла,Русская народная песня,true,,,,,,false,0,Народные
5321026,Вот кто-то с горочки спустился,Русская народная песня,true,,,,,,false,0,Народные
4174924,В роще пел соловушка,Русская народная песня,true,,,,,,false,0,Народные
4190552,Выйду на улицу,Русская народная песня,true,,,,,,false,0,Народные
4175024,Как хотела меня мать,Русская народная песня,true,,,,,,false,0,Народные
4190555,"Крутится, вертится шар голубой",Русская народная песня,true,,,,,,false,0,Народные
4190562,На горе колхоз,Русская народная песня,true,,,,,,false,0,Народные
5357934,"Ой, то не вечер",Русская народная песня,false,,,,,,false,0,Народные
4190560,То не ветку ветер клонит,Русская народная песня,true,,,,,,false,0,Народные
4190554,Тонкая рябина,Русская народная песня,true,,,,,,false,0,Народные
4190559,У церкви стояла карета,Русская народная песня,true,,,,,,false,0,"A cappella,Народные"
4305518,Там нет меня,Севара,true,,,,,,false,0,Лирические
4300718,Город Сочи,Сергей Трофимов,true,,,,,,false,0,"ПОП,Потанцевать"
5418335,За тихой рекою,Сергей Трофимов,true,,,,,,false,0,Лирические
4179598,"Одиночество ",Слава,true,,,,,,false,0,ПОП
4174915,Куда уходит детство,Сливки,true,,,,,,false,0,"Ретро,ПОП,Лирические"
4221959,Круги на воде,СЛОТ,true,,,,,,false,0,РОК
5127337,Маяк,СЛОТ,true,,,,,,false,0,РОК
5389634,Помолимся за родителей,Сосо Павлиашвили,true,,,,,,false,0,"Лирические,Ретро"
4175019,"Ioane, Ioane",София Ротару,true,,,,,,false,0,"На других языках,Молдавские"
4200025,Белая зима,София Ротару,true,,,,,,false,0,"Ретро,Потанцевать,Новогодние"
4185090,"Луна, луна",София Ротару,true,,,,,,false,0,"Ретро,Потанцевать"
4324092,Одна калина,София Ротару,false,,,,,,false,0,"Потанцевать,На других языках,Украинские"
4808656,Только этого мало,София Ротару,false,,,,,,false,0,"Ретро,Потанцевать"
4175020,Хуторянка,София Ротару,true,,,,,,false,0,"Ретро,Потанцевать"
4175021,Червона рута,София Ротару,true,,,,,,false,0,"Ретро,Потанцевать,На других языках,Украинские"
4285658,Выхода нет,Сплин,true,,,,,,false,0,"РОК,Лирические"
4175030,Романс,Сплин,true,,,,,,false,0,"РОК,Лирические"
4179593,Девочка-лето,Стас Михайлов,true,,,,,,false,0,"Потанцевать,ПОП"
4329844,Золотое сердце,Стас Михайлов,true,,,,,,false,0,"Потанцевать,ПОП"
4174973,Поделим небо,Стас Михайлов и Зара,true,,,,,,false,0,ПОП
4175015,Мама-мамочка,Таисия Повалий,true,,,,,,false,0,"Лирические,ПОП"
4484036,Катюша,Тамара Синявская,true,,,,,,false,0,
4249052,Половинка,Танцы Минус,true,,,,,,false,0,РОК
4484042,"Эх, дороги",Татьяна Иванова,true,,,,,,false,0,
4452239,Матушка-земля,Татьяна Куртукова,true,,,,,,false,0,ПОП
4350716,Баллада о трёх сыновьях,Татьяна Шилова,true,,,,,,false,0,Лирические
5460827,Небо над землёй,Тимур Темиров,true,,,,,,false,0,Лирические
4221960,Выше облаков,Тина Кароль,true,,,,,,false,0,Лирические
4221954,Ноченька,Тина Кароль,true,,,,,,false,0,Лирические
4324093,Ой на горі два дубки,Украинская народная песня,true,,,,,,false,0,"Народные,На других языках,Украинские"
4175033,"Ой, у вишневому саду",Украинская народная песня,true,,,,,,false,0,"Лирические,Народные,На других языках,Украинские"
5344814,Ти ж мене підманула,Украинская народная песня,true,,,,,,false,0,"Народные,Украинские,На других языках"
4212512,Снег,Филипп Киркоров,true,,,,,,false,0,"ПОП,Лирические"
4188331,Разрывная,Хабиб,false,,,,,,false,0,"ПОП,Потанцевать"
4175018,Наш сосед,Эдит Пьеха,true,,,,,,false,0,Потанцевать
4212515,Потолок ледяной,Эдуард Хиль,false,,,,,,false,0,"Потанцевать,Новогодние"
4185081,Ходит песенка по кругу,Эдуард Хиль / Нина Дорда,true,,,,,,false,0,Ретро
5460826,Пошёл налево,Эльбрус Джанмирзоев и Элвин Грей,true,,,,,,false,0,
5037614,Штрихкоды,Эмма М,true,,,,,,false,0,
4174974,Лебедь белая,Юлия Михальчик,false,,,,,,false,0,ПОП
4484040,Ты же выжил солдат,Юлия Началова,false,,,,,,false,0,Лирические
4175008,Я бы хотела нарисовать мечту,Юлия Началова,true,,,,,,false,0,"ПОП,Лирические"
4484038,Месяц май,Юлия Паршута,false,,,,,,false,0,Лирические
4378463,Если в сердце живёт любовь,Юлия Савичева,false,,,,,,false,0,"ПОП,Лирические"
5018285,Милая моя,Юрий Визбор,true,,,,,,false,0,"Ретро,Лирические"
4174964,Плот,Юрий Лоза,false,,,,,,false,0,ПОП
5156597,Детство,Юрий Шатунов,true,,,,,,false,0,"Ретро,ПОП,Потанцевать"
4327784,С днём рождения,Юрий Шатунов,true,,,,,,false,0,ПОП
4230243,Седая ночь,"Юрий Шатунов ",true,,,,,,false,0,"Ретро,ПОП"
4962870,Любимый мой,"Юта ",true,,,,,,false,0,Из кинофильмов